age,distance (km),gender,years of working,status,salary
19,5.369,female,0,permanent,3909000
19,7.731,male,1,contract,3782000
22,7.421,male,3,contract,4159000
24,3.278,male,0,contract,4053000
23,5.763,male,0,contract,3543000
23,4.499,female,0,contract,3540000
28,7.598,female,1,contract,3966000
25,5.304,female,3,contract,4239000
25,6.145,male,2,contract,4114000
33,4.539,female,0,contract,4248000
21,4.692,male,0,contract,3511000
34,4.721,female,0,permanent,4217000
20,7.985,male,0,contract,3485000
32,10.166,female,0,contract,3746000
22,11.096,male,0,permanent,4549000
19,4.04,male,1,contract,3786000
30,6.528,female,1,contract,4038000
20,3.737,male,0,contract,3501000
32,10.359,male,0,contract,3732000
23,8.347,male,0,permanent,4471000
33,8.631,female,0,contract,3806000
23,7.18,female,1,contract,3851000
19,7.864,male,0,contract,3466000
24,6.987,female,1,permanent,4795000
25,5.419,male,2,contract,4109000
33,5.296,female,3,contract,4428000
34,3.431,female,0,contract,3841000
31,7.331,female,2,contract,4279000
20,1.137,male,1,contract,3812000
23,8.749,male,2,permanent,5024000
20,8.468,male,0,permanent,4436000
19,4.731,female,0,contract,3496000
19,5.65,female,5,contract,4716000
34,5.534,male,0,contract,3822000
22,8.79,male,1,permanent,5175000
19,2.36,male,0,contract,3480000
34,7.407,female,3,contract,4474000
21,2.511,male,0,contract,3499000
24,8.898,male,1,permanent,4854000
33,10.198,male,0,permanent,4790000
21,4.845,female,0,contract,3520000
23,8.882,female,2,contract,4073000
27,2.905,male,1,contract,3911000
25,6.536,female,2,contract,4112000
25,9.051,male,1,contract,3905000
31,9.152,male,0,contract,4015000
19,9.701,female,2,contract,4029000
22,8.134,female,0,contract,3534000
33,4.012,female,0,contract,3790000
25,8.307,male,1,permanent,4824000
19,8.478,female,0,contract,3496000
20,7.675,female,2,contract,4035000
29,5.409,male,1,permanent,4398000
25,7.997,male,0,permanent,4497000
26,5.687,female,3,contract,4261000
32,9.013,male,2,permanent,5271000
32,6.948,female,2,contract,4317000
19,6.89,male,2,permanent,4900000
31,3.348,female,1,permanent,4388000
24,9.166,female,2,contract,4103000
27,5.151,male,3,contract,4276000
21,7.687,male,4,contract,4461000
35,4.081,male,1,contract,4583000
22,4.578,female,1,contract,3850000
19,3.163,female,0,permanent,3848000
19,5.771,female,0,contract,3483000
33,9.876,female,2,contract,4335000
26,4.731,male,1,contract,3914000
26,8.705,female,0,contract,3601000
22,3.791,male,3,permanent,4531000
22,4.101,female,0,permanent,3901000
23,5.61,male,5,contract,4775000
31,5.449,female,3,contract,4365000
32,7.023,male,1,contract,4070000
28,5.167,male,2,contract,4151000
32,7.828,male,0,contract,3754000
22,6.049,female,1,contract,3845000
20,8.439,male,0,contract,3477000
20,10.16,female,0,contract,3511000
27,7.407,female,0,contract,3619000
23,4.96,male,1,contract,3859000
28,9.548,female,0,contract,3657000
20,9.281,male,1,permanent,4780000
29,10.734,female,4,contract,4645000
25,8.146,female,2,permanent,5056000
28,3.354,male,2,permanent,4528000
32,6.681,female,0,permanent,4661000
32,5.087,female,0,contract,3746000
28,5.304,female,0,contract,3660000
31,4.998,female,0,contract,3746000
20,10.033,female,0,contract,3491000
31,4.119,female,1,contract,4042000
33,6.145,male,3,permanent,4884000
24,8.134,male,2,contract,4095000
35,6.737,female,2,permanent,5265000
22,9.281,female,1,contract,3840000
31,6.536,female,3,contract,4375000
31,9.546,male,0,contract,3722000
32,2.169,male,0,permanent,4065000
25,1.907,male,0,permanent,3879000
27,6.858,female,0,contract,3608000
23,4.387,male,0,contract,3537000
19,6.26,female,0,contract,4035000
33,6.182,female,3,permanent,4905000
24,5.208,female,1,contract,3875000
19,5.419,male,1,permanent,4228000
19,5.57,female,1,contract,3800000
21,6.566,male,2,contract,4043000
22,5.385,male,0,contract,3515000
34,8.262,male,0,permanent,4759000
31,7.675,male,1,contract,4039000
31,6.093,female,2,contract,4268000
25,6.536,male,0,contract,3565000
20,8.516,female,0,contract,3502000
30,7.101,male,3,contract,4357000
33,5.648,male,0,contract,4286000
32,13.885,male,0,contract,3754000
22,5.385,female,1,permanent,4272000
29,5.075,female,0,contract,3676000
25,3.545,female,2,contract,4122000
28,9.071,male,2,contract,4152000
19,3.698,male,0,contract,3482000
19,5.801,female,0,contract,3497000
28,6.757,male,1,permanent,4848000
29,7.789,female,3,contract,4319000
21,5.725,female,0,contract,3529000
19,5.53,female,0,permanent,3915000
30,9.192,female,0,contract,3705000
23,1.289,female,2,permanent,4856000
25,8.105,male,2,contract,4105000
33,4.807,female,0,contract,3795000
33,3.01,female,0,contract,3817000
31,8.588,female,2,contract,4248000
19,4.425,male,0,contract,3480000
19,5.725,female,0,contract,3503000
20,5.429,female,0,contract,3495000
19,7.864,male,0,contract,3469000
20,4.272,male,0,contract,3492000
31,6.978,female,3,contract,4803000
20,8.629,female,0,contract,3495000
24,3.163,male,2,contract,4705000
21,7.216,male,1,contract,3832000
24,4.322,male,2,permanent,4468000
22,6.107,male,2,contract,4445000
23,5.687,male,3,permanent,4618000
22,9.768,female,3,contract,4179000
28,6.413,male,3,permanent,5180000
30,9.325,female,1,contract,4012000
31,9.204,female,1,contract,4043000
19,5.57,male,1,contract,3786000
24,3.851,male,1,contract,3878000
29,6.093,male,0,contract,3653000
23,9.089,female,3,contract,4212000
27,3.545,female,0,permanent,3996000
26,4.387,female,1,contract,3933000
28,10.045,male,0,contract,3630000
29,3.968,male,0,permanent,4032000
19,4.272,male,0,permanent,3871000
23,8.439,male,0,permanent,4474000
30,5.34,female,3,contract,4590000
27,4.845,female,0,permanent,4035000
19,8.971,female,0,permanent,4452000
31,10.078,male,1,contract,4028000
23,6.133,female,2,contract,4079000
25,6.069,male,0,contract,3575000
29,5.495,male,4,contract,4627000
19,9.031,female,5,contract,4720000
23,7.484,female,3,contract,4206000
19,6.948,female,1,contract,3810000
22,1.748,male,3,contract,4170000
34,10.83,male,0,contract,3811000
29,6.334,male,0,contract,3662000
19,0.563,male,0,contract,3482000
24,8.146,female,1,contract,3882000
21,7.56,female,0,contract,3514000
34,9.313,female,0,permanent,4809000
25,5.342,male,2,contract,4116000
31,5.892,male,1,contract,4028000
28,5.771,female,2,contract,4182000
27,7.484,female,3,contract,4274000
32,5.648,male,0,contract,3764000
19,9.546,female,0,contract,3480000
20,2.169,male,3,contract,4147000
28,4.769,female,0,contract,3643000
28,6.491,male,2,contract,4152000
25,11.001,male,3,permanent,5266000
21,6.182,female,2,contract,4046000
23,6.576,female,3,contract,4184000
27,7.099,female,1,contract,3925000
22,7.063,female,2,contract,4073000
33,6.846,male,0,contract,3787000
25,4.684,female,0,contract,3571000
21,4.499,male,0,contract,3494000
32,4.845,female,1,contract,4073000
19,7.997,male,0,contract,3466000
19,6.451,male,0,contract,3480000
26,7.341,female,0,contract,3593000
28,5.65,female,2,contract,4174000
30,1.404,female,0,contract,3705000
35,9.969,female,0,contract,3853000
19,7.063,female,0,contract,3494000
29,7.111,female,1,contract,3984000
33,3.813,female,0,contract,3800000
22,8.661,female,0,permanent,4479000
28,3.115,male,0,contract,3635000
22,5.763,female,1,contract,3856000
33,4.765,male,0,contract,3765000
24,5.304,male,2,permanent,4525000
34,6.938,female,0,contract,3825000
26,10.734,male,1,contract,3920000
19,7.421,male,1,contract,3790000
26,6.566,male,4,contract,4564000
21,5.61,male,2,contract,4034000
24,4.898,female,1,contract,3875000
28,6.576,female,2,contract,4174000
27,9.071,female,2,contract,4141000
31,4.845,female,0,contract,3725000
22,3.437,male,0,contract,3504000
21,6.182,female,1,contract,3829000
21,3.481,female,0,contract,4140000
24,7.703,female,1,contract,3875000
31,7.522,female,0,contract,3731000
23,6.536,male,3,contract,4182000
19,8.146,male,0,permanent,4413000
27,4.056,male,0,permanent,3983000
31,7.775,male,3,contract,4371000
22,9.458,male,0,contract,3510000
32,11.007,female,0,contract,4116000
27,6.872,female,1,contract,3941000
29,4.387,male,2,contract,4194000
27,8.707,female,1,contract,3944000
33,5.34,female,3,contract,4428000
19,1.304,female,0,contract,3483000
33,5.208,male,1,contract,4081000
26,4.004,male,2,contract,4123000
26,3.082,female,2,permanent,4481000
19,4.898,female,0,contract,3479000
23,9.591,male,2,contract,4060000
19,5.839,male,0,permanent,3923000
28,9.458,male,1,contract,3935000
20,8.898,female,2,permanent,5018000
24,3.048,female,1,contract,3885000
31,4.926,female,1,contract,4724000
26,8.347,male,3,contract,4237000
34,5.304,female,0,permanent,4265000
31,6.222,male,0,contract,4123000
33,9.458,female,0,contract,3790000
21,8.572,male,0,contract,3490000
19,2.551,male,1,contract,3785000
22,5.801,male,1,contract,3848000
19,1.098,male,2,permanent,4295000
34,7.099,female,2,permanent,5266000
31,7.908,male,2,permanent,5180000
22,6.334,male,3,contract,4154000
30,6.948,male,0,permanent,4591000
31,4.348,female,3,contract,4401000
32,7.675,male,0,permanent,4671000
25,10.299,female,0,contract,3586000
30,3.966,male,4,contract,4658000
19,6.987,male,0,permanent,4384000
32,4.282,female,0,contract,3767000
19,4.942,female,1,permanent,4215000
30,3.928,male,3,permanent,4734000
19,9.013,male,0,permanent,4454000
31,9.458,female,3,contract,4610000
28,11.184,male,3,permanent,5333000
26,2.109,male,1,permanent,4218000
33,7.178,female,3,contract,4445000
28,6.294,male,1,contract,3943000
29,4.539,male,1,contract,3995000
19,5.96,male,1,contract,3782000
30,7.904,male,2,permanent,5141000
27,9.051,male,2,contract,4138000
30,5.189,male,1,contract,4005000
21,5.228,male,0,contract,3505000
29,4.845,female,2,contract,4207000
19,2.437,male,2,contract,4013000
20,3.92,female,0,contract,3494000
33,6.934,male,2,contract,4298000
30,2.817,female,1,contract,4011000
26,5.457,female,1,permanent,4363000
31,10.466,male,3,permanent,5401000
23,5.266,male,1,contract,3853000
31,7.178,female,1,contract,4068000
30,6.697,female,0,contract,3705000
28,4.853,male,1,contract,3952000
28,13.486,female,2,contract,4200000
34,4.692,female,0,contract,3835000
33,8.936,female,1,permanent,5083000
30,4.765,male,3,contract,4766000
22,7.582,female,0,contract,3523000
22,6.069,male,1,contract,4305000
21,12.468,male,2,permanent,5120000
20,5.739,female,0,contract,3495000
21,4.926,male,3,contract,4144000
19,3.392,male,0,contract,3482000
19,5.288,male,0,permanent,3893000
29,4.366,male,1,permanent,4353000
23,7.981,male,3,permanent,5125000
29,5.763,female,1,contract,3994000
25,5.228,male,3,contract,4224000
31,3.239,female,3,permanent,4734000
32,9.236,female,2,contract,4279000
22,7.421,female,2,contract,4056000
32,9.434,female,2,contract,4290000
22,7.56,male,2,contract,4481000
22,5.208,female,2,contract,4502000
23,7.554,female,1,contract,3851000
32,8.172,male,0,contract,3770000
27,7.445,female,2,contract,4152000
30,4.845,male,0,contract,3672000
19,4.081,female,0,contract,3483000
27,8.617,male,3,permanent,5220000
29,8.572,male,0,contract,3663000
22,6.777,female,0,permanent,4415000
30,7.522,male,0,contract,3708000
30,7.101,male,0,contract,3683000
31,7.331,male,0,contract,3728000
28,5.266,female,0,contract,3643000
23,9.166,male,1,contract,3865000
24,4.31,male,1,contract,3872000
21,6.069,female,4,contract,5029000
24,6.536,male,0,permanent,4433000
32,10.619,male,0,contract,3760000
22,5.087,male,0,contract,3515000
26,7.866,male,1,contract,3920000
22,3.481,female,1,contract,3834000
28,8.822,male,2,permanent,5138000
35,7.743,female,1,permanent,5083000
30,8.91,male,0,contract,3691000
33,8.784,female,1,permanent,5100000
30,5.151,male,0,permanent,4121000
33,6.681,female,0,contract,3812000
32,5.725,female,0,contract,3762000
27,8.516,female,2,contract,4473000
35,8.025,male,0,contract,3823000
33,4.499,male,0,contract,3776000
34,5.228,male,1,contract,4126000
30,7.139,male,1,permanent,4914000
28,5.296,female,1,contract,3966000
21,5.248,female,0,contract,3968000
34,6.222,male,0,contract,3810000
33,5.228,female,0,contract,3806000
34,8.936,male,0,contract,3828000
29,10.83,female,4,contract,4643000
24,5.916,female,3,contract,4208000
24,8.528,male,2,contract,4072000
28,7.56,male,1,contract,3969000
25,6.182,female,1,contract,3888000
19,5.342,male,0,contract,3480000
32,3.469,female,0,contract,3767000
30,4.443,female,0,contract,3685000
23,5.288,female,0,contract,3534000
24,8.325,male,0,contract,3783000
19,9.546,female,0,contract,3832000
28,5.248,male,0,contract,4127000
28,11.804,male,3,contract,4286000
29,6.145,male,3,contract,4305000
20,11.007,male,0,contract,3486000
19,2.507,female,0,contract,3479000
29,7.139,female,2,contract,4217000
24,6.415,male,1,contract,3868000
19,2.873,female,0,permanent,3824000
20,4.765,female,1,contract,3807000
20,2.95,female,2,contract,4023000
29,6.528,female,1,contract,4009000
32,7.139,female,3,contract,4412000
27,4.195,female,2,contract,4160000
28,7.025,male,2,contract,4162000
19,6.375,male,3,contract,4132000
33,2.628,female,0,contract,3812000
32,3.087,female,0,contract,3773000
27,7.484,female,1,contract,3949000
21,7.381,male,2,permanent,4950000
19,7.554,male,0,contract,3473000
20,5.534,female,0,permanent,3942000
26,4.157,female,3,permanent,4644000
21,10.299,male,0,permanent,4507000
35,6.26,female,3,contract,4497000
34,6.801,male,1,contract,4494000
22,1.366,female,2,permanent,4356000
31,6.489,male,0,permanent,4625000
31,7.421,male,0,contract,4019000
24,11.583,female,2,contract,4099000
28,3.048,male,2,contract,4168000
19,7.985,male,0,contract,3469000
32,9.856,female,0,contract,3768000
30,4.348,male,2,contract,4787000
21,3.239,female,0,contract,3523000
21,6.298,female,3,contract,4164000
29,8.478,male,4,contract,4636000
19,9.204,female,0,contract,3494000
29,6.795,male,1,contract,3986000
29,6.757,male,1,contract,3995000
28,7.139,female,2,contract,4199000
28,2.131,male,0,contract,3646000
27,7.985,female,3,contract,4274000
20,6.624,male,0,contract,3901000
35,4.443,male,2,contract,4356000
19,9.502,female,0,contract,3480000
30,2.43,female,0,contract,3695000
29,13.265,male,1,contract,3962000
35,7.407,female,0,contract,3848000
29,7.139,male,3,contract,4323000
23,2.35,male,0,contract,3526000
30,9.586,female,2,contract,4255000
24,3.924,female,0,contract,3552000
29,3.638,female,1,contract,3974000
25,2.64,male,3,contract,4221000
23,6.226,male,1,contract,3849000
19,1.175,male,0,contract,3480000
28,2.284,female,1,permanent,4286000
21,1.06,female,2,permanent,4341000
21,3.759,male,5,contract,4727000
19,8.286,female,0,contract,3494000
27,8.484,female,1,contract,3941000
30,7.864,male,0,contract,3691000
25,3.235,female,2,permanent,4458000
35,9.9,male,1,contract,4140000
34,4.998,female,0,permanent,4249000
35,7.775,male,0,permanent,4754000
33,8.572,male,0,permanent,4746000
26,7.331,male,1,permanent,4836000
21,6.451,male,0,contract,3511000
29,6.294,male,2,contract,4186000
28,3.924,male,5,contract,4860000
25,5.113,female,1,contract,3918000
19,5.878,female,0,contract,3640000
20,0.907,female,1,contract,3823000
22,6.375,female,3,contract,4563000
19,7.461,male,0,contract,4084000
22,2.284,female,2,contract,4072000
27,4.966,male,0,contract,3602000
33,6.415,female,0,contract,3790000
23,5.648,male,1,contract,3853000
33,7.465,male,3,contract,4426000
20,6.91,male,0,contract,3497000
24,5.771,male,3,contract,4201000
30,12.955,female,5,contract,4938000
21,5.992,male,0,contract,3515000
23,7.292,female,1,contract,3867000
24,7.622,female,0,permanent,4478000
19,11.45,male,0,contract,3466000
33,8.838,female,1,contract,4530000
32,4.884,male,1,permanent,4469000
28,7.461,female,0,contract,3641000
33,6.069,male,0,contract,3792000
32,4.463,female,0,contract,3756000
26,6.053,female,0,contract,3600000
24,9.675,male,1,contract,3868000
26,6.053,male,4,contract,4545000
23,3.851,male,1,contract,3847000
21,3.557,male,0,contract,3489000
19,6.107,male,0,contract,3484000
23,12.867,male,2,contract,4066000
33,9.192,male,0,contract,4048000
31,6.27,female,2,contract,4268000
32,6.413,female,0,contract,3767000
32,10.078,male,0,contract,3732000
26,7.421,female,3,contract,4250000
29,8.882,female,3,contract,4326000
27,6.214,male,0,permanent,4057000
34,9.472,female,2,contract,4363000
32,4.578,male,0,contract,3748000
19,4.272,male,0,contract,3480000
23,5.562,female,1,permanent,4284000
33,5.691,female,1,contract,4106000
32,7.751,female,2,contract,4290000
22,3.928,female,1,contract,4390000
19,3.835,female,1,contract,3796000
22,7.288,male,0,contract,3504000
19,6.26,female,0,contract,3496000
19,6.133,female,0,contract,3483000
29,7.56,female,0,contract,4022000
31,4.242,male,3,permanent,4749000
33,5.534,male,1,permanent,4547000
21,5.61,male,0,permanent,4424000
21,8.478,male,0,contract,3505000
20,8.971,male,0,contract,3477000
20,7.244,male,0,contract,3485000
34,10.772,male,3,contract,4472000
29,9.236,male,2,contract,4196000
19,6.757,female,0,contract,3480000
30,10.037,female,1,contract,4012000
29,7.944,male,3,contract,4303000
23,6.642,female,0,contract,3556000
31,2.781,female,3,contract,4385000
19,5.691,male,0,contract,3469000
28,9.458,female,0,permanent,4810000
31,6.681,male,1,contract,4028000
19,7.381,female,0,contract,3483000
33,4.234,female,0,contract,4124000
19,4.234,female,0,contract,3496000
33,11.607,male,0,contract,3788000
20,4.483,male,4,permanent,4839000
19,5.381,male,0,contract,3489000
23,3.638,female,2,contract,4073000
28,5.691,male,2,contract,4160000
28,3.791,female,2,contract,4165000
34,9.917,female,0,contract,3813000
22,7.985,male,0,permanent,4453000
27,4.616,male,0,contract,3626000
30,3.481,male,1,permanent,4360000
19,6.314,male,0,permanent,4350000
25,5.783,female,1,contract,3902000
25,6.566,male,3,contract,4225000
20,6.757,male,1,contract,3808000
20,3.698,male,2,contract,4021000
21,4.31,female,0,contract,3520000
32,5.691,female,0,contract,3756000
32,7.063,male,1,contract,4065000
22,7.687,male,0,contract,3504000
30,3.163,male,0,contract,3697000
19,6.375,male,0,contract,3469000
26,5.53,male,1,permanent,4328000
32,8.508,male,0,contract,3754000
19,8.351,male,1,contract,4515000
28,6.413,male,2,contract,4171000
24,6.616,female,1,contract,3881000
23,6.566,male,0,contract,3543000
30,5.151,female,0,contract,4156000
23,11.937,female,0,contract,3546000
30,7.789,female,0,contract,3712000
25,9.325,female,0,contract,3586000
27,4.632,male,1,permanent,4811000
19,7.775,female,0,contract,3757000
19,6.451,female,2,contract,4611000
30,4.523,female,1,contract,4012000
28,10.007,male,1,contract,3969000
19,4.387,male,0,contract,3482000
32,11.096,male,1,permanent,5104000
34,6.91,female,0,contract,3829000
33,6.093,male,2,contract,4298000
25,8.705,male,0,contract,3975000
35,10.432,male,0,contract,3823000
25,5.419,male,1,contract,3905000
24,9.796,female,3,contract,4202000
28,6.294,female,2,contract,4182000
28,5.429,female,1,contract,3966000
31,6.757,male,0,contract,4204000
24,9.434,female,3,contract,4208000
19,6.934,female,2,contract,4020000
34,8.749,female,0,contract,3825000
31,13.221,female,0,permanent,5230000
31,6.298,male,0,contract,3722000
29,4.539,male,2,permanent,4604000
22,8.401,male,0,contract,3526000
31,12.935,female,2,contract,4259000
21,5.648,female,0,contract,3524000
27,12.734,female,0,permanent,4725000
34,6.536,male,0,contract,3811000
23,5.783,female,0,contract,3546000
34,2.752,male,0,contract,3799000
30,6.91,female,2,contract,4249000
21,10.772,female,0,contract,3937000
22,3.718,male,2,contract,4042000
28,7.598,male,1,contract,3969000
24,7.908,male,0,contract,3545000
24,7.866,female,3,permanent,5160000
19,8.439,male,0,contract,3480000
28,2.169,female,2,contract,4193000
31,7.292,female,0,contract,3741000
22,6.415,male,0,contract,3504000
30,12.158,male,1,contract,3989000
19,7.067,female,2,contract,4013000
19,6.413,female,0,contract,3494000
25,10.466,female,1,contract,3913000
27,6.451,male,2,contract,4138000
29,6.978,female,5,contract,4909000
29,10.466,male,2,permanent,5221000
23,5.852,female,0,contract,3540000
19,9.148,female,1,contract,3796000
23,11.494,female,2,contract,4068000
34,8.975,female,1,contract,4624000
32,7.942,female,2,contract,4306000
32,5.075,female,0,contract,3778000
20,4.942,male,0,contract,3481000
23,9.472,female,1,permanent,5383000
30,6.294,male,1,contract,4008000
21,3.584,female,0,contract,3524000
33,4.387,male,1,contract,4098000
19,6.451,male,0,contract,3480000
26,12.424,male,2,contract,4113000
23,3.658,female,1,contract,4230000
19,2.471,male,0,contract,3469000
24,5.517,female,1,contract,3868000
20,2.284,male,3,contract,4143000
24,6.298,female,1,permanent,4971000
33,8.592,female,0,contract,3818000
25,6.491,female,1,contract,3902000
32,5.811,female,0,contract,3767000
29,2.016,male,1,contract,3971000
19,6.669,male,2,contract,4006000
20,2.934,female,1,permanent,4166000
27,10.343,male,0,contract,3595000
28,7.713,female,1,contract,3982000
27,6.004,female,2,contract,4149000
24,7.522,female,1,contract,3891000
27,7.26,male,2,contract,4143000
30,9.242,female,2,contract,4876000
19,9.9,female,0,contract,3480000
30,6.872,male,0,contract,3692000
32,4.322,female,0,contract,3746000
35,9.856,female,3,contract,4487000
19,5.534,female,0,permanent,3926000
30,7.864,female,0,contract,3695000
22,4.272,female,0,contract,3534000
33,3.66,female,0,permanent,4157000
22,4.998,male,2,contract,4059000
23,9.353,male,2,permanent,5039000
29,5.96,female,1,contract,3975000
25,8.146,female,2,contract,4119000
19,7.484,female,0,contract,3496000
24,1.787,female,3,contract,4224000
19,7.421,female,0,contract,3487000
29,8.882,female,1,permanent,4944000
32,5.648,female,0,contract,3762000
29,4.443,male,2,permanent,4590000
19,7.465,female,0,permanent,4404000
31,9.071,female,0,contract,3736000
23,6.777,male,1,contract,3837000
25,7.864,male,4,permanent,5465000
29,2.712,female,1,contract,3992000
19,7.636,male,0,permanent,4409000
33,5.725,male,0,contract,3775000
22,4.616,female,0,contract,3539000
25,5.763,male,3,contract,4224000
24,11.229,male,1,contract,4053000
32,9.434,male,0,contract,3754000
28,9.816,female,0,permanent,4644000
31,8.669,male,1,contract,4018000
21,5.932,male,0,contract,3490000
22,8.439,female,0,contract,3529000
26,3.278,male,2,contract,4136000
30,10.118,male,1,contract,3998000
35,9.51,male,0,contract,3840000
19,4.004,female,1,contract,3810000
24,9.472,female,2,contract,4635000
26,4.769,male,0,permanent,4001000
32,7.687,male,4,contract,4699000
24,11.204,male,5,contract,4772000
27,5.534,male,3,permanent,4957000
33,7.789,male,0,contract,3804000
20,8.21,female,3,contract,4160000
27,8.351,male,2,contract,4463000
29,6.528,male,3,contract,4319000
26,4.692,male,1,contract,3906000
26,3.545,female,3,contract,4266000
19,5.61,male,0,contract,3482000
32,7.407,female,0,contract,3784000
29,11.317,female,2,contract,4210000
31,10.078,female,1,contract,4032000
29,6.669,female,0,contract,3667000
28,8.749,female,2,contract,4174000
33,8.307,female,0,contract,3779000
30,4.322,female,2,permanent,4628000
21,11.204,female,1,contract,3830000
22,7.484,male,2,contract,4048000
29,8.592,female,1,contract,4477000
32,5.725,female,4,contract,4739000
25,12.867,male,3,contract,4215000
32,3.791,female,1,contract,4359000
23,6.834,female,1,contract,3879000
19,7.687,male,0,contract,3466000
35,3.392,female,0,permanent,4195000
27,9.458,male,2,permanent,5132000
29,5.691,male,1,contract,3979000
26,7.331,female,2,permanent,5060000
34,7.025,male,0,permanent,4721000
26,6.137,female,1,contract,3917000
23,6.846,male,3,contract,4170000
22,6.681,female,0,contract,3545000
25,6.093,male,0,contract,3558000
27,6.624,female,0,contract,3608000
28,11.804,female,2,permanent,5235000
28,2.742,male,0,contract,3637000
31,10.565,female,3,contract,4385000
33,6.757,male,3,permanent,5333000
32,8.669,male,3,contract,4382000
29,3.469,female,2,contract,4220000
20,1.143,female,1,contract,3807000
19,2.31,male,0,contract,3469000
26,8.347,male,2,permanent,5063000
31,3.928,male,0,contract,3712000
24,1.585,female,1,contract,3868000
31,4.769,male,2,contract,4251000
27,4.654,male,2,contract,4152000
26,10.919,male,0,contract,3587000
29,3.839,female,1,contract,4473000
22,6.669,male,1,permanent,4714000
20,5.151,male,0,contract,3493000
29,8.709,male,1,contract,3961000
19,7.178,male,1,contract,3800000
21,3.66,male,0,contract,3500000
22,8.146,female,1,contract,3835000
21,10.313,female,0,contract,3524000
31,7.139,female,2,contract,4756000
27,8.528,male,1,permanent,4868000
32,7.713,male,0,contract,3743000
20,9.945,female,2,contract,4032000
20,8.174,female,0,contract,3491000
30,12.148,female,0,contract,3703000
31,10.83,male,0,contract,3702000
24,4.769,female,1,contract,3886000
29,6.031,female,1,contract,3985000
24,7.381,female,2,contract,4085000
30,9.458,female,0,permanent,4684000
29,5.687,male,3,contract,4323000
23,6.413,female,3,contract,4206000
25,5.304,female,0,contract,3588000
19,8.307,male,1,contract,3783000
30,3.614,female,2,contract,4219000
27,6.489,female,2,contract,4168000
19,10.428,male,0,contract,3490000
21,3.235,female,0,contract,3503000
33,5.771,male,0,contract,3776000
29,3.239,female,1,contract,4003000
33,3.928,male,1,contract,4103000
30,8.898,female,2,contract,4239000
32,7.598,female,0,contract,3778000
30,10.504,female,0,contract,3712000
31,8.87,male,3,contract,4351000
34,9.192,male,0,contract,3799000
19,8.387,male,0,contract,3469000
30,5.037,female,1,contract,4018000
23,9.856,female,3,permanent,5186000
27,5.572,male,1,contract,3922000
22,2.895,female,1,permanent,4203000
19,10.351,female,0,contract,3496000
27,8.661,female,1,contract,3925000
24,3.968,male,3,permanent,4579000
31,2.752,male,1,contract,4017000
21,6.254,female,3,contract,4153000
29,5.113,female,1,contract,4000000
33,7.059,female,3,contract,4428000
29,8.134,female,1,contract,4004000
25,9.591,female,0,permanent,4572000
21,3.678,male,2,contract,4032000
20,6.91,male,3,permanent,5053000
22,8.427,male,2,permanent,5189000
28,3.813,male,2,contract,4176000
22,5.872,male,0,permanent,3948000
31,7.866,male,0,permanent,4652000
23,4.853,female,0,contract,3540000
30,4.769,male,0,contract,3682000
30,6.26,female,1,contract,4013000
24,5.006,male,2,contract,4264000
19,2.895,male,0,contract,3480000
29,8.629,female,1,contract,3975000
22,6.566,male,0,contract,3520000
25,4.765,female,0,permanent,3984000
20,5.801,male,0,contract,3488000
35,9.395,male,0,contract,3834000
32,3.304,female,0,contract,3767000
21,7.675,male,4,contract,4816000
23,5.266,male,2,contract,4076000
26,3.316,female,3,contract,4259000
29,5.34,female,0,permanent,4083000
23,9.204,male,3,contract,4187000
19,9.502,male,0,permanent,4456000
20,8.057,female,2,contract,4044000
20,8.307,male,1,contract,3802000
24,5.047,male,1,permanent,4270000
22,4.616,male,0,contract,3520000
28,4.272,female,2,contract,4190000
32,6.948,female,0,contract,3767000
29,7.139,male,1,contract,3961000
27,5.811,female,1,contract,3932000
35,10.118,female,0,contract,3837000
25,1.978,female,2,contract,4129000
33,8.669,male,3,contract,4821000
31,4.886,female,2,contract,4248000
28,8.822,female,0,contract,3794000
19,5.763,female,0,permanent,3934000
27,7.904,male,2,contract,4138000
30,7.554,male,3,contract,4331000
26,7.139,male,2,contract,4131000
28,10.16,male,0,contract,3644000
24,7.952,male,3,contract,4201000
31,5.763,male,0,contract,3712000
23,3.96,male,3,permanent,4548000
19,10.697,male,0,contract,3466000
30,8.617,male,1,contract,3998000
30,5.248,female,1,permanent,4424000
23,5.916,female,1,contract,3856000
24,5.288,female,3,contract,4215000
33,9.013,male,0,contract,3793000
20,8.975,male,0,contract,3488000
22,3.201,male,3,contract,4181000
34,6.182,female,0,contract,3813000
26,10.963,female,0,contract,3593000
19,5.248,male,0,contract,3469000
20,3.469,female,0,contract,3511000
31,2.551,male,0,permanent,4031000
26,6.987,female,2,contract,4137000
22,5.61,male,0,permanent,3949000
23,11.937,male,2,contract,4054000
23,3.354,female,1,contract,3867000
32,7.461,female,0,contract,3768000
24,4.119,male,0,permanent,3938000
27,4.676,female,1,contract,3932000
35,8.617,female,0,contract,3837000
20,3.115,male,1,contract,3793000
19,11.14,female,0,permanent,4526000
20,4.809,male,0,contract,3485000
28,8.554,female,0,contract,3652000
26,10.81,female,1,contract,4536000
19,8.86,female,0,contract,3494000
19,6.27,male,0,contract,3466000
21,4.539,male,1,contract,3827000
28,6.536,female,3,contract,4299000
24,11.422,female,3,contract,4213000
31,2.595,male,2,contract,4244000
22,3.201,male,2,contract,4059000
25,7.997,male,2,contract,4091000
19,6.801,female,0,contract,3487000
21,3.889,female,0,contract,3514000
20,9.071,male,3,contract,4135000
29,4.654,female,1,permanent,4393000
24,8.439,female,0,permanent,4986000
28,7.703,male,1,contract,3944000
21,1.251,male,0,contract,3509000
19,6.669,female,0,contract,3480000
28,6.137,female,2,contract,4165000
33,3.928,male,0,contract,3787000
35,6.948,female,2,contract,4386000
32,6.934,male,2,permanent,5168000
25,5.419,male,1,permanent,4319000
27,6.528,male,3,permanent,5149000
26,2.934,male,1,contract,3906000
34,7.461,male,0,contract,3811000
25,4.539,female,0,contract,3582000
22,3.737,female,2,contract,4067000
32,7.981,male,0,contract,3765000
25,7.751,male,1,contract,3885000
27,8.617,male,2,contract,4136000
25,6.817,male,0,contract,3558000
32,5.534,female,0,contract,3762000
24,3.584,female,2,contract,4114000
33,6.757,female,0,contract,3789000
20,6.656,male,0,contract,3477000
33,4.081,male,0,contract,3781000
20,7.333,female,2,permanent,4948000
32,6.137,female,0,permanent,4209000
31,6.413,male,0,contract,3718000
33,7.2,female,0,permanent,4701000
30,7.904,female,1,contract,4012000
20,14.416,male,1,contract,3803000
22,3.839,female,0,contract,3518000
31,7.331,male,0,contract,3732000
25,6.528,female,0,permanent,4483000
33,7.139,male,2,contract,4331000
28,8.439,female,0,permanent,4620000
31,3.698,female,2,contract,4264000
29,3.737,female,3,permanent,4713000
19,6.053,female,0,contract,3487000
29,7.465,female,0,permanent,4588000
21,3.851,male,0,permanent,3879000
21,7.111,female,1,contract,4247000
32,5.449,male,0,contract,3743000
25,13.297,female,2,permanent,5232000
25,5.409,female,3,contract,4235000
31,7.636,female,2,contract,4279000
25,2.131,female,0,contract,3588000
30,4.362,male,0,contract,3681000
26,6.174,male,2,contract,4120000
19,9.148,male,0,contract,3466000
32,11.728,male,1,contract,4060000
33,3.66,male,0,contract,3804000
21,3.92,female,3,contract,4158000
30,8.709,male,0,contract,3672000
21,6.004,female,1,contract,3829000
27,4.145,male,0,contract,3602000
27,6.254,male,1,contract,3927000
28,2.934,male,3,contract,4284000
20,5.457,female,0,contract,3510000
29,5.047,female,1,contract,4470000
24,7.598,male,5,contract,4771000
27,5.731,male,1,contract,3911000
25,6.013,female,2,contract,4112000
20,8.146,male,3,contract,4131000
20,5.151,male,1,contract,3812000
20,3.048,female,0,contract,3507000
30,9.051,female,3,permanent,5336000
21,4.884,male,4,contract,4471000
23,5.783,male,1,permanent,4289000
32,5.801,male,0,permanent,4200000
25,6.222,female,0,contract,3582000
20,10.037,male,0,contract,3481000
32,7.675,male,1,contract,4070000
35,4.96,female,0,permanent,4260000
25,5.827,female,4,contract,4538000
31,3.813,male,0,contract,3727000
29,9.812,male,2,permanent,5179000
34,7.063,male,0,contract,3816000
33,11.848,female,0,contract,3802000
27,2.207,female,2,permanent,4491000
19,4.425,male,1,contract,3796000
19,10.343,female,0,contract,3480000
19,3.201,female,0,contract,3494000
29,3.201,male,0,contract,3679000
33,10.609,male,0,permanent,4804000
21,5.113,male,3,contract,4165000
29,8.971,male,0,contract,3663000
33,8.266,female,0,contract,3790000
21,5.954,female,2,contract,4062000
22,7.254,male,3,contract,4170000
28,7.156,female,1,contract,3949000
34,10.158,male,3,contract,4461000
23,4.04,female,0,permanent,3927000
20,5.534,male,1,contract,3808000
19,6.91,male,0,permanent,4384000
33,4.884,female,3,contract,4439000
28,5.208,female,1,contract,3949000
24,4.042,male,2,contract,4082000
21,7.82,female,0,contract,3504000
27,4.96,female,0,permanent,4047000
28,3.354,male,0,permanent,4421000
33,5.489,female,0,contract,3801000
24,7.908,female,1,contract,3882000
34,4.201,female,0,contract,3813000
34,7.502,female,0,contract,3813000
25,6.616,male,1,contract,3888000
24,8.554,male,0,contract,3556000
27,3.477,male,0,contract,3610000
30,7.063,male,2,contract,4647000
19,3.557,female,2,contract,4016000
32,2.229,female,1,contract,4073000
34,9.9,female,0,contract,3813000
27,7.908,male,1,contract,3911000
21,12.867,male,1,contract,3816000
26,7.22,female,1,contract,3910000
28,4.523,male,5,contract,4868000
28,8.347,female,0,contract,3641000
23,9.104,male,2,contract,4066000
33,5.208,female,0,contract,3778000
28,6.107,male,2,contract,4838000
26,3.889,female,5,contract,4836000
19,4.676,male,2,contract,3999000
31,6.004,male,0,contract,3701000
19,3.481,male,0,contract,3466000
30,12.69,female,1,contract,4003000
19,10.313,female,0,contract,3496000
19,3.239,male,0,contract,3480000
34,10.21,male,0,contract,3799000
32,8.548,female,1,contract,4063000
27,8.548,male,2,contract,4136000
25,7.904,male,1,permanent,4833000
27,6.719,male,0,contract,3613000
21,6.093,male,3,permanent,4595000
32,1.519,male,0,contract,3759000
30,11.406,male,2,permanent,5270000
23,5.572,female,1,contract,3861000
28,6.294,male,2,permanent,5032000
24,5.342,male,1,permanent,4297000
23,10.033,male,1,contract,3843000
31,6.536,male,1,permanent,4916000
21,4.922,male,1,contract,4089000
27,8.21,male,1,permanent,4889000
29,8.898,male,1,contract,4536000
19,10.084,female,1,contract,3811000
22,4.564,female,0,contract,3528000
34,8.307,female,1,contract,4141000
28,4.119,male,3,contract,4301000
30,8.936,male,2,contract,4679000
24,5.047,male,1,contract,3868000
30,4.119,male,2,permanent,4609000
28,4.348,male,1,contract,3946000
20,4.501,male,2,contract,4026000
26,7.952,female,5,contract,4826000
30,5.473,female,3,contract,4335000
24,3.622,female,0,contract,3574000
20,2.284,female,0,contract,3505000
19,10.44,female,0,contract,3483000
21,8.395,male,0,contract,3499000
22,3.354,male,0,permanent,3888000
29,10.299,male,0,contract,3654000
21,5.872,male,1,contract,3816000
28,10.236,female,3,contract,4307000
25,6.182,female,0,contract,3572000
31,4.387,male,1,contract,4452000
24,2.742,male,0,contract,3561000
23,4.564,male,3,permanent,4575000
22,6.451,female,1,contract,4207000
19,6.26,male,5,contract,4722000
28,4.523,female,1,contract,3949000
27,6.26,male,3,contract,4271000
28,5.266,female,1,contract,4532000
24,8.095,male,0,contract,3561000
21,2.398,female,0,permanent,3844000
21,2.109,female,1,contract,3829000
25,5.342,female,2,contract,4135000
30,6.858,female,2,contract,4219000
25,5.517,male,1,contract,3888000
22,2.207,female,3,permanent,4496000
26,3.507,female,3,contract,4259000
26,7.864,female,3,contract,4243000
34,8.971,female,0,contract,3825000
24,8.745,female,3,contract,4218000
25,4.96,female,0,contract,3582000
23,3.392,male,2,permanent,4423000
21,7.3,male,0,permanent,4405000
21,4.523,male,0,contract,3489000
29,6.053,male,0,contract,4032000
29,1.863,male,1,contract,3977000
22,6.91,male,2,contract,4059000
22,5.916,male,2,contract,4059000
29,5.495,male,3,permanent,4735000
21,4.195,male,2,contract,4588000
30,5.304,male,1,contract,4014000
29,3.316,female,0,contract,3667000
27,2.241,male,2,permanent,4462000
33,7.554,female,4,contract,5364000
29,7.139,male,1,contract,3981000
25,5.248,female,0,contract,3585000
33,4.387,male,0,contract,3775000
19,4.042,female,1,contract,3810000
21,7.904,female,2,contract,4046000
31,8.554,female,3,contract,4386000
20,7.292,female,2,contract,4667000
30,9.031,male,0,contract,3682000
20,6.624,female,3,permanent,5036000
29,8.661,male,1,permanent,4922000
19,3.525,male,1,contract,3782000
29,12.38,female,1,contract,3975000
20,8.065,female,0,contract,3491000
19,4.616,male,1,permanent,4197000
20,1.672,male,0,contract,4042000
31,6.858,male,0,contract,3711000
25,1.098,female,2,contract,4128000
28,3.66,female,1,permanent,4344000
31,8.307,female,0,permanent,4685000
23,5.381,female,0,contract,3550000
19,2.819,male,0,permanent,3821000
33,9.586,male,0,contract,3799000
31,3.396,female,3,contract,4374000
20,9.059,male,2,permanent,4989000
28,6.413,female,1,permanent,4852000
20,5.763,male,0,contract,3497000
19,5.113,male,2,contract,4567000
24,5.419,female,0,permanent,4004000
19,3.431,male,0,contract,3482000
19,6.489,male,0,permanent,4376000
22,4.523,female,0,contract,3523000
31,8.325,male,1,contract,4055000
27,4.081,female,2,permanent,4550000
27,4.234,female,0,contract,3640000
20,15.302,male,1,permanent,4987000
21,3.201,female,1,contract,3835000
29,6.576,male,0,permanent,4553000
28,9.013,female,1,contract,3960000
35,4.769,male,0,contract,3839000
29,6.145,male,1,contract,3995000
29,6.133,male,3,permanent,4747000
22,2.781,female,0,contract,3528000
31,5.266,male,0,contract,3732000
29,5.771,female,0,contract,3667000
28,6.934,female,0,contract,3939000
21,10.033,female,0,contract,3504000
23,7.751,male,1,contract,3860000
21,7.023,male,0,contract,3490000
32,5.385,male,1,contract,4059000
33,10.697,male,1,permanent,5113000
25,5.648,male,3,contract,4218000
22,4.443,female,4,contract,4495000
27,4.322,female,1,contract,3932000
29,9.148,male,2,contract,4187000
26,11.307,male,0,contract,3596000
34,2.857,male,1,contract,4138000
31,6.978,female,1,contract,4042000
25,9.059,male,1,permanent,4857000
34,6.795,male,0,contract,3827000
20,6.719,male,0,contract,3488000
31,5.763,female,2,contract,4275000
33,1.519,female,0,contract,3806000
23,6.049,female,1,contract,3862000
29,7.019,female,1,contract,3975000
20,4.616,male,0,contract,3493000
22,6.89,male,0,permanent,4410000
34,7.687,male,3,contract,4461000
19,2.905,male,2,contract,4269000
23,5.342,male,1,contract,3859000
25,2.169,male,1,contract,3899000
23,6.817,male,1,contract,3849000
34,6.413,female,2,contract,4357000
26,1.505,female,5,permanent,5120000
31,5.801,male,0,contract,3738000
32,6.834,male,0,contract,3754000
30,13.354,male,1,contract,4008000
32,3.034,male,0,contract,3732000
29,8.705,male,0,permanent,4607000
31,6.145,female,0,contract,3752000
20,7.3,male,3,contract,4135000
20,6.375,female,0,permanent,4389000
30,7.703,female,4,contract,4652000
19,6.757,female,4,contract,4462000
30,8.21,female,2,permanent,5191000
20,7.731,male,0,contract,3481000
30,6.566,female,0,contract,4083000
21,7.82,female,1,contract,3825000
24,1.825,female,2,permanent,4406000
31,5.65,male,3,contract,4351000
22,9.812,male,1,contract,3832000
32,8.661,male,0,contract,3754000
25,6.133,male,0,contract,4009000
31,6.713,female,0,contract,3725000
29,6.184,female,0,contract,3687000
30,4.692,female,2,contract,4229000
21,6.214,male,1,contract,3816000
28,2.33,male,3,contract,4276000
31,7.139,female,1,contract,4058000
25,9.591,male,3,permanent,5215000
29,4.543,female,3,permanent,4715000
22,4.731,female,3,contract,4183000
20,4.004,male,0,contract,3501000
31,7.288,male,1,contract,4038000
27,6.069,male,5,contract,4844000
21,7.554,male,2,permanent,4951000
24,8.528,male,1,permanent,4812000
23,2.169,female,3,contract,4194000
20,6.777,female,0,permanent,4396000
28,9.502,male,2,contract,4169000
31,8.975,female,3,permanent,5348000
22,7.178,female,1,contract,4266000
20,11.345,female,1,permanent,4886000
34,4.234,female,0,contract,3835000
31,6.174,male,0,contract,3722000
24,8.572,female,2,contract,4098000
24,7.341,male,1,contract,4138000
19,1.626,female,0,contract,3483000
26,3.747,female,5,contract,4826000
22,12.613,male,2,contract,4038000
32,10.351,male,0,contract,4017000
30,1.519,female,0,contract,3715000
22,7.751,male,0,contract,3988000
30,5.457,female,3,contract,4346000
28,4.201,female,1,contract,3949000
21,3.087,female,0,contract,3523000
24,6.314,male,0,contract,3538000
19,7.216,female,0,permanent,4473000
30,9.059,male,1,contract,3989000
27,7.26,female,3,contract,4258000
30,4.145,female,0,contract,4197000
26,7.156,male,2,contract,4112000
30,7.139,male,2,contract,4205000
30,7.331,male,3,contract,4352000
33,7.341,male,0,permanent,4915000
19,6.987,female,0,contract,3498000
31,2.793,male,1,contract,4038000
27,7.864,male,0,contract,3602000
19,6.337,female,0,contract,3496000
32,8.822,female,0,contract,3778000
27,7.244,female,3,permanent,5187000
24,8.554,female,1,contract,3892000
29,5.381,female,4,contract,4644000
25,3.048,female,3,contract,4237000
19,12.203,male,0,permanent,4552000
20,3.469,female,2,contract,4340000
19,6.451,female,0,contract,3503000
23,10.681,female,0,contract,3546000
27,8.057,female,1,contract,3951000
24,11.096,male,2,contract,4078000
23,9.768,male,1,contract,4268000
19,5.495,female,0,contract,3496000
27,5.534,female,1,contract,3935000
24,4.654,female,0,contract,3581000
32,10.387,male,0,contract,3743000
22,4.04,female,2,contract,4061000
23,8.307,male,2,contract,4065000
25,7.866,female,1,contract,3906000
19,5.151,male,1,permanent,4218000
27,4.886,female,2,permanent,4567000
32,11.007,female,0,contract,3746000
25,5.916,male,2,contract,4116000
22,7.063,male,2,contract,4059000
20,5.047,female,0,contract,3495000
30,3.851,female,1,permanent,4407000
26,5.167,female,1,contract,3917000
20,8.172,female,0,contract,3516000
23,6.137,male,0,permanent,3979000
27,10.772,female,1,contract,3949000
21,6.184,female,0,contract,3514000
21,6.334,female,0,contract,3508000
29,5.151,female,1,contract,4000000
20,5.606,female,1,permanent,4250000
28,3.622,male,2,contract,4176000
19,8.478,male,3,permanent,5089000
34,7.292,female,0,contract,3824000
27,4.31,female,1,permanent,4347000
20,5.409,female,0,contract,3804000
23,7.331,female,2,contract,4084000
27,2.895,female,1,contract,4120000
32,7.178,female,1,contract,4100000
29,8.86,female,0,contract,3678000
23,2.895,female,0,contract,3550000
19,5.381,female,3,contract,4564000
19,6.222,female,0,permanent,4372000
27,7.643,male,0,contract,3594000
26,5.954,male,1,contract,3914000
23,4.523,female,2,contract,4073000
25,3.928,male,2,contract,4108000
28,10.389,male,2,contract,4180000
20,7.063,male,0,contract,3492000
30,7.139,male,1,contract,4014000
19,5.119,female,3,permanent,4547000
24,1.328,male,1,contract,3878000
33,8.146,female,2,contract,4973000
25,7.582,male,2,permanent,5016000
25,4.425,female,1,permanent,4305000
33,9.071,male,1,contract,4082000
25,6.566,male,1,contract,3885000
26,7.864,male,2,contract,4597000
19,2.781,male,0,contract,3482000
30,7.542,female,2,contract,4238000
22,6.719,female,1,contract,3845000
19,9.892,male,0,contract,3797000
26,4.234,male,0,contract,3586000
22,9.148,male,2,contract,4048000
28,8.065,female,1,permanent,4907000
25,6.298,female,3,contract,4246000
23,2.972,female,1,contract,3867000
26,4.189,male,2,contract,4120000
30,4.322,male,0,contract,3672000
19,3.968,female,0,permanent,4170000
27,3.775,male,1,contract,3927000
24,10.166,female,1,contract,3869000
25,0.907,male,2,contract,4121000
27,9.104,male,2,contract,4136000
32,7.997,male,0,contract,3732000
32,6.337,male,0,contract,3770000
30,8.019,male,3,permanent,5724000
19,2.913,female,0,permanent,4002000
31,4.042,female,3,contract,4385000
32,3.517,male,0,contract,3753000
28,5.34,female,2,contract,4174000
21,6.642,male,0,contract,3510000
34,2.857,female,0,contract,3841000
32,5.495,female,0,contract,3778000
25,3.278,male,3,contract,4231000
21,11.096,female,1,contract,3825000
30,10.963,male,2,permanent,5265000
35,9.015,male,2,permanent,5330000
20,2.704,female,3,contract,4155000
22,7.465,female,0,contract,3523000
19,7.554,male,0,contract,3466000
22,3.92,male,5,contract,4742000
28,4.483,female,3,contract,4290000
24,5.972,male,4,contract,4505000
19,10.166,female,0,contract,3480000
23,7.675,male,1,permanent,4793000
21,6.145,male,0,permanent,3959000
19,2.109,male,0,contract,3469000
19,5.127,male,0,permanent,3891000
26,5.932,female,4,contract,4780000
24,5.296,female,0,contract,3558000
27,9.393,female,0,contract,3616000
30,8.784,female,3,contract,4356000
31,5.266,female,1,contract,4052000
31,9.319,male,3,contract,4880000
30,3.469,female,0,contract,3721000
23,2.398,female,0,contract,3562000
22,9.071,male,1,contract,3826000
27,5.429,female,1,contract,3925000
27,6.174,female,1,contract,3941000
29,7.56,female,2,contract,4226000
35,3.702,male,0,permanent,4192000
31,6.415,female,0,contract,3735000
21,6.642,male,0,permanent,4398000
19,7.542,female,0,contract,3487000
28,5.208,male,3,contract,4276000
21,7.789,male,1,contract,3827000
21,8.019,female,0,contract,3519000
27,4.411,male,5,contract,4992000
24,5.252,male,1,contract,3868000
21,5.03,male,0,permanent,3914000
32,3.678,male,0,contract,3742000
20,6.375,female,0,contract,3511000
23,6.107,female,0,contract,3557000
26,6.184,male,1,permanent,4366000
21,4.922,female,2,contract,4052000
29,7.554,female,0,contract,3667000
29,5.266,female,2,permanent,4625000
19,2.857,female,0,permanent,3836000
19,6.226,male,1,contract,3782000
33,8.749,male,1,permanent,5069000
29,3.928,female,0,contract,3674000
22,1.098,female,0,contract,3539000
25,4.564,female,1,contract,3888000
19,9.997,male,2,permanent,5014000
28,7.952,male,1,contract,3935000
25,2.169,female,2,contract,4135000
19,8.186,male,0,permanent,4415000
20,3.481,male,0,contract,3477000
28,4.501,male,3,contract,4296000
32,4.272,male,0,contract,3770000
19,2.994,male,1,contract,3789000
19,4.654,male,0,contract,3482000
22,4.809,female,2,contract,4056000
24,5.189,male,2,contract,4082000
19,4.501,female,1,contract,3810000
28,6.359,male,0,permanent,5196000
34,6.566,male,3,permanent,5349000
21,2.511,female,1,contract,3824000
27,5.328,male,0,permanent,4499000
27,4.042,male,2,permanent,4533000
21,5.296,female,0,contract,3503000
22,2.934,female,0,permanent,3888000
23,5.457,male,4,permanent,4939000
21,6.294,female,0,permanent,4388000
27,7.099,male,2,contract,4128000
27,4.731,male,1,contract,3929000
24,4.884,female,0,contract,3563000
24,11.406,male,1,contract,3862000
19,8.105,female,2,permanent,4959000
23,3.66,female,3,permanent,4562000
19,5.534,male,1,contract,4051000
19,2.43,female,0,contract,3483000
19,15.523,male,0,contract,3467000
24,10.122,male,4,contract,4883000
26,4.731,female,2,contract,4137000
23,6.642,male,3,contract,4187000
34,4.884,male,0,permanent,4225000
34,9.768,male,0,contract,3799000
27,10.387,female,2,permanent,5170000
23,4.578,male,1,contract,3853000
33,7.636,male,0,contract,3804000
27,7.369,female,0,contract,3632000
30,6.226,male,1,contract,3998000
20,3.889,female,2,contract,4565000
30,9.675,male,2,contract,4225000
32,4.499,female,2,contract,4290000
20,7.582,female,0,contract,3738000
30,12.13,female,3,contract,4355000
30,6.604,male,3,contract,4332000
19,6.987,female,0,contract,3496000
19,8.971,female,0,contract,3480000
20,4.523,female,0,contract,3490000
33,5.839,female,0,permanent,4254000
